iter	Quantile:alpha=0.9
0	14.36862301
1	13.75413344
2	13.19955192
3	12.68948158
4	12.22418938
5	11.76829541
6	11.35176904
7	10.97488686
8	10.63232899
9	10.30936769
10	10.01467709
11	9.73460705
12	9.49056163
13	9.246196642
14	9.014313259
15	8.798966332
16	8.59260612
17	8.405466518
18	8.23533165
19	8.080509354
20	7.920626011
21	7.776102631
22	7.625199306
23	7.479636564
24	7.353458542
25	7.235414806
26	7.103087131
27	6.967070681
28	6.874415327
29	6.762756452
30	6.662275854
31	6.565848682
32	6.476946895
33	6.39414249
34	6.315989325
35	6.222663297
36	6.14977522
37	6.074150249
38	6.001174066
39	5.941591962
40	5.883403306
41	5.827810987
42	5.756260432
43	5.707558986
44	5.658435655
45	5.617255679
46	5.574720223
47	5.531130105
48	5.495525179
49	5.464037029
50	5.429669267
51	5.399730227
52	5.368958696
53	5.324437926
54	5.29976514
55	5.271843515
56	5.24543759
57	5.221710313
58	5.181793275
59	5.159518125
60	5.143001519
61	5.110248084
62	5.079325193
63	5.063712904
64	5.037778824
65	5.011451666
66	4.994563035
67	4.981672525
68	4.965754919
69	4.949757394
70	4.919724722
71	4.891836956
72	4.87696651
73	4.856369776
74	4.840376215
75	4.828601729
76	4.805995665
77	4.790500827
78	4.768018232
79	4.753452812
80	4.740041451
81	4.72685126
82	4.708885011
83	4.698450657
84	4.67920594
85	4.664517258
86	4.647562678
87	4.631506738
88	4.617263956
89	4.604095828
90	4.585967257
91	4.576325493
92	4.567688695
93	4.558610714
94	4.543696802
95	4.532443164
96	4.520438427
97	4.512445263
98	4.496127657
99	4.487849046
100	4.474180409
101	4.462654951
102	4.454723508
103	4.445480787
104	4.434901786
105	4.422224275
106	4.412414587
107	4.401078662
108	4.394184799
109	4.386078644
110	4.377373385
111	4.367983965
112	4.359659602
113	4.351144789
114	4.34086697
115	4.33420958
116	4.324803739
117	4.319324946
118	4.308615265
119	4.304114232
120	4.297227572
121	4.288436233
122	4.278487886
123	4.270014234
124	4.260617458
125	4.252458297
126	4.245719668
127	4.236111814
128	4.227875179
129	4.219385546
130	4.209587928
131	4.205333051
132	4.198163723
133	4.192748588
134	4.187601193
135	4.17840173
136	4.170609936
137	4.165201028
138	4.156029971
139	4.147918281
140	4.142781875
141	4.137467737
142	4.131779927
143	4.124255466
144	4.117333684
145	4.108218336
146	4.097977957
147	4.089901075
148	4.082090151
149	4.075028943
150	4.071088567
151	4.062516666
152	4.051663144
153	4.044549463
154	4.039489178
155	4.034789055
156	4.027476745
157	4.021957918
158	4.017234242
159	4.012238032
160	4.002995759
161	3.999252936
162	3.991457086
163	3.986381816
164	3.980278924
165	3.973569354
166	3.969151782
167	3.965182329
168	3.957649863
169	3.953124287
170	3.947252992
171	3.942041953
172	3.93902431
173	3.936289015
174	3.931040931
175	3.926897441
176	3.921349086
177	3.915070634
178	3.910602438
179	3.903449401
180	3.900547159
181	3.896195521
182	3.891143402
183	3.887362759
184	3.878731107
185	3.874169283
186	3.869506099
187	3.863804702
188	3.858825718
189	3.855647182
190	3.850145763
191	3.844277057
192	3.841244513
193	3.838080854
194	3.832380856
195	3.827083356
196	3.823367392
197	3.81689411
198	3.812554555
199	3.808114197
200	3.805600461
201	3.801789169
202	3.796390592
203	3.790538164
204	3.786682621
205	3.783068697
206	3.777667371
207	3.771558194
208	3.767062088
209	3.763183399
210	3.760441005
211	3.753901519
212	3.74956655
213	3.744871496
214	3.739236486
215	3.733071168
216	3.730126828
217	3.726720456
218	3.721550803
219	3.71791221
220	3.713385428
221	3.710194977
222	3.705977083
223	3.702039247
224	3.698090491
225	3.694815079
226	3.690412216
227	3.687459665
228	3.685856864
229	3.682476134
230	3.679184011
231	3.673082098
232	3.667114307
233	3.662988852
234	3.659574242
235	3.655802821
236	3.650649559
237	3.646826026
238	3.643868314
239	3.640780529
240	3.637611304
241	3.633232212
242	3.628639818
243	3.625731055
244	3.622726793
245	3.619388645
246	3.61431246
247	3.610677636
248	3.607318257
249	3.603858754
250	3.599970603
251	3.597761002
252	3.594506483
253	3.592081703
254	3.588579067
255	3.58444874
256	3.581774614
257	3.578941051
258	3.573979304
259	3.571037118
260	3.567552201
261	3.563473165
262	3.560273306
263	3.558494397
264	3.554742453
265	3.551836047
266	3.549663089
267	3.5475671
268	3.544676963
269	3.542587453
270	3.539754505
271	3.53819214
272	3.535818893
273	3.532913146
274	3.528375163
275	3.525558549
276	3.522354244
277	3.519984771
278	3.517380488
279	3.514692051
280	3.513485387
281	3.510067748
282	3.508015278
283	3.505166042
284	3.502110206
285	3.499907952
286	3.497553273
287	3.495157774
288	3.490750648
289	3.488966422
290	3.486913748
291	3.484340209
292	3.482388765
293	3.479978714
294	3.477667879
295	3.476042192
296	3.47398373
297	3.471866283
298	3.468695495
299	3.465473485
300	3.463063327
301	3.462227232
302	3.460188372
303	3.458229873
304	3.454520709
305	3.452337516
306	3.45094653
307	3.447364964
308	3.445210221
309	3.442488264
310	3.440348274
311	3.438253189
312	3.435278245
313	3.432966638
314	3.431646056
315	3.428366204
316	3.427497501
317	3.425124422
318	3.422538416
319	3.419700574
320	3.416337544
321	3.412442364
322	3.411669005
323	3.410242068
324	3.407469826
325	3.404944038
326	3.401608243
327	3.400698898
328	3.398096176
329	3.395576073
330	3.394247021
331	3.391293656
332	3.389193378
333	3.38769634
334	3.386020042
335	3.384630186
336	3.382658727
337	3.381674026
338	3.379365901
339	3.377586986
340	3.374079104
341	3.371929022
342	3.368778263
343	3.367027103
344	3.366075045
345	3.365103052
346	3.363205297
347	3.360505585
348	3.359987588
349	3.357117705
350	3.355790156
351	3.353853418
352	3.352505484
353	3.350812034
354	3.347522173
355	3.34591302
356	3.345367356
357	3.34437566
358	3.342522043
359	3.33963326
360	3.338066391
361	3.336227475
362	3.333890246
363	3.330872142
364	3.329033555
365	3.327957993
366	3.326522565
367	3.324976175
368	3.321558485
369	3.317832771
370	3.315653454
371	3.313426708
372	3.311760112
373	3.310231102
374	3.308734072
375	3.307208802
376	3.304019039
377	3.301749031
378	3.298722822
379	3.297627415
380	3.296523538
381	3.294621134
382	3.291858824
383	3.290489977
384	3.289284272
385	3.287743135
386	3.286597737
387	3.284427682
388	3.282884981
389	3.281928257
390	3.279111833
391	3.277131948
392	3.275782959
393	3.274388877
394	3.27186319
395	3.271247124
396	3.269926302
397	3.267384738
398	3.266177793
399	3.264430544
400	3.262367205
401	3.259657031
402	3.257815113
403	3.256760475
404	3.254917009
405	3.253269425
406	3.251663811
407	3.250239438
408	3.249805713
409	3.24871589
410	3.247153465
411	3.244907822
412	3.244478172
413	3.242702347
414	3.240660494
415	3.238986695
416	3.23720277
417	3.234529326
418	3.233133325
419	3.230984511
420	3.229073577
421	3.226870326
422	3.225572212
423	3.22365253
424	3.221763934
425	3.220017673
426	3.21887594
427	3.21844552
428	3.217642206
429	3.215231932
430	3.213511615
431	3.212027202
432	3.21050985
433	3.208936296
434	3.206473205
435	3.204604107
436	3.203481264
437	3.20202393
438	3.201124155
439	3.199158853
440	3.196534048
441	3.194434545
442	3.193299839
443	3.192053685
444	3.191102393
445	3.189339442
446	3.187446122
447	3.185757979
448	3.184355712
449	3.18301469
450	3.181567233
451	3.180271416
452	3.178824359
453	3.177223514
454	3.175610862
455	3.173873455
456	3.173103513
457	3.170882654
458	3.169162827
459	3.167899836
460	3.167142369
461	3.165818399
462	3.164621746
463	3.163083434
464	3.162141131
465	3.160055
466	3.159252968
467	3.157252746
468	3.156881369
469	3.155462297
470	3.154421976
471	3.152415225
472	3.150521994
473	3.14980258
474	3.147793708
475	3.146676523
476	3.145418543
477	3.144668041
478	3.142671392
479	3.141333109
480	3.139467734
481	3.13858236
482	3.13803678
483	3.136663694
484	3.134616847
485	3.133608443
486	3.13288098
487	3.131658115
488	3.12968309
489	3.128768471
490	3.128048871
491	3.125685221
492	3.124468889
493	3.122856096
494	3.121952518
495	3.121453619
496	3.119776342
497	3.118941154
498	3.118371024
499	3.115602929
500	3.113648784
501	3.112852165
502	3.111403183
503	3.109581117
504	3.107957588
505	3.106609292
506	3.105334388
507	3.104379127
508	3.103778517
509	3.102410678
510	3.101805325
511	3.101002277
512	3.098758042
513	3.097245411
514	3.096248352
515	3.095129899
516	3.093785219
517	3.093123716
518	3.092450212
519	3.090468631
520	3.089286883
521	3.08798439
522	3.08730202
523	3.0866547
524	3.08563547
525	3.085167103
526	3.084177236
527	3.082611875
528	3.082115511
529	3.081104138
530	3.080192896
531	3.079448989
532	3.077798161
533	3.07696304
534	3.07623431
535	3.075665535
536	3.074318525
537	3.073676638
538	3.072394649
539	3.072115743
540	3.071980221
541	3.071210733
542	3.070544235
543	3.069026648
544	3.067488862
545	3.06664956
546	3.064463631
547	3.062623605
548	3.061784336
549	3.060211035
550	3.059328069
551	3.058550008
552	3.057109191
553	3.055920888
554	3.055307363
555	3.054273258
556	3.052751653
557	3.052293524
558	3.051493679
559	3.050570386
560	3.04960377
561	3.04901658
562	3.048427754
563	3.047826168
564	3.047252677
565	3.046094758
566	3.045432373
567	3.044486253
568	3.043511399
569	3.042098961
570	3.041135899
571	3.040691006
572	3.040147181
573	3.039570876
574	3.039228652
575	3.03835864
576	3.03785897
577	3.036063971
578	3.035000319
579	3.03455216
580	3.033606636
581	3.032444537
582	3.032168587
583	3.031787042
584	3.031504473
585	3.030560726
586	3.030148443
587	3.028936734
588	3.028106095
589	3.027840427
590	3.027378246
591	3.026543632
592	3.025666783
593	3.025360887
594	3.025185645
595	3.025069693
596	3.024723695
597	3.023372436
598	3.022529424
599	3.021689554
600	3.02075683
601	3.018994468
602	3.01802688
603	3.017244326
604	3.016761185
605	3.015876544
606	3.015436006
607	3.014694877
608	3.014043738
609	3.013779719
610	3.013237536
611	3.012607855
612	3.011641023
613	3.011113651
614	3.009828367
615	3.008136262
616	3.007585925
617	3.00717203
618	3.006460983
619	3.005792593
620	3.005088188
621	3.004393985
622	3.004307032
623	3.003051243
624	3.00247549
625	3.001823651
626	3.001609644
627	3.001351737
628	3.000395509
629	2.999847797
630	2.998972146
631	2.99813127
632	2.997894946
633	2.997261949
634	2.996831828
635	2.996041898
636	2.99530419
637	2.994460007
638	2.992948287
639	2.992089579
640	2.991649208
641	2.991155276
642	2.990639655
643	2.990100281
644	2.989458799
645	2.98857667
646	2.988046794
647	2.987629901
648	2.987293069
649	2.98673969
650	2.986133179
651	2.985321085
652	2.985014216
653	2.983861825
654	2.983022938
655	2.982158929
656	2.981599056
657	2.980554563
658	2.980193228
659	2.978627627
660	2.977458843
661	2.976883781
662	2.976381146
663	2.976007361
664	2.975207995
665	2.974789898
666	2.973727865
667	2.972517984
668	2.9717904
669	2.971117334
670	2.970303761
671	2.970017591
672	2.968557141
673	2.967822485
674	2.966415832
675	2.966174182
676	2.96559593
677	2.965163352
678	2.963521982
679	2.962012519
680	2.961526783
681	2.961334045
682	2.960919596
683	2.960557597
684	2.9597218
685	2.958740682
686	2.957180559
687	2.956359495
688	2.956117645
689	2.955194256
690	2.954140267
691	2.953506675
692	2.952205336
693	2.951946652
694	2.95132227
695	2.948836251
696	2.948197077
697	2.947202521
698	2.946375182
699	2.945647329
700	2.945198973
701	2.944699056
702	2.94418421
703	2.943251981
704	2.942655743
705	2.941566799
706	2.940992788
707	2.940633981
708	2.939875242
709	2.938743308
710	2.938116966
711	2.937680946
712	2.936565446
713	2.935290355
714	2.934102552
715	2.933792026
716	2.933492474
717	2.933220548
718	2.932382733
719	2.931529179
720	2.931313237
721	2.930579225
722	2.929813825
723	2.929333957
724	2.928708035
725	2.92797361
726	2.927724269
727	2.926097329
728	2.924956349
729	2.924788917
730	2.924731495
731	2.923664699
732	2.922663465
733	2.921761609
734	2.92110456
735	2.920521277
736	2.919963868
737	2.918915287
738	2.918558087
739	2.917917527
740	2.917206542
741	2.915798842
742	2.91455315
743	2.914169397
744	2.913402485
745	2.912925745
746	2.912461434
747	2.911344388
748	2.91067688
749	2.909321563
750	2.909286804
751	2.909052901
752	2.908526581
753	2.907435854
754	2.906685373
755	2.906426547
756	2.906395862
757	2.906137568
758	2.905848853
759	2.905215982
760	2.904856005
761	2.903952388
762	2.903302
763	2.903084036
764	2.902660612
765	2.902502212
766	2.901996933
767	2.90194622
768	2.901647248
769	2.90101539
770	2.90080395
771	2.900801171
772	2.900219474
773	2.899669228
774	2.899285629
775	2.899058746
776	2.898770174
777	2.898646678
778	2.89818633
779	2.897955513
780	2.897905091
781	2.896539416
782	2.895690477
783	2.894403876
784	2.893887879
785	2.892974813
786	2.892951945
787	2.892660657
788	2.891727671
789	2.890469274
790	2.890167488
791	2.889267218
792	2.888620617
793	2.888215795
794	2.888012971
795	2.886792394
796	2.886218472
797	2.885503228
798	2.88482755
799	2.884518704
